,MODELS,MSE,LJB,ERROR_VAR
0,AVERAGE-METHOD,0.0004,36.22836626909807,0.000407730352289315
1,NAIVE-METHOD,0.0009,1303.5544151976542,0.0008804049137038376
2,DRIFT-METHOD,0.0009,1303.0318509312829,0.0008816468913394912
3,SES-METHOD,54.3269,1512.1120147771062,54.29102942916535
4,HOLT-WINTERS,0.0004,35.14409286738287,0.0004153705107974839
